name,email,message
User1,user1@example.com,"Hello, I am User1"
User2,user2@example.com,"Hello, I am User2"
User3,user3@example.com,"Hello, I am User3"
User4,user4@example.com,"Hello, I am User4"
User5,user5@example.com,"Hello, I am User5"
User6,user6@example.com,"Hello, I am User6"
User7,user7@example.com,"Hello, I am User7"
User8,user8@example.com,"Hello, I am User8"
User9,user9@example.com,"Hello, I am User9"
User10,user10@example.com,"Hello, I am User10"
User11,user11@example.com,"Hello, I am User11"
User12,user12@example.com,"Hello, I am User12"
User13,user13@example.com,"Hello, I am User13"
User14,user14@example.com,"Hello, I am User14"
User15,user15@example.com,"Hello, I am User15"
User16,user16@example.com,"Hello, I am User16"
User17,user17@example.com,"Hello, I am User17"
User18,user18@example.com,"Hello, I am User18"
User19,user19@example.com,"Hello, I am User19"
User20,user20@example.com,"Hello, I am User20"
User21,user21@example.com,"Hello, I am User21"
User22,user22@example.com,"Hello, I am User22"
User23,user23@example.com,"Hello, I am User23"
User24,user24@example.com,"Hello, I am User24"
User25,user25@example.com,"Hello, I am User25"
User26,user26@example.com,"Hello, I am User26"
User27,user27@example.com,"Hello, I am User27"
User28,user28@example.com,"Hello, I am User28"
User29,user29@example.com,"Hello, I am User29"
User30,user30@example.com,"Hello, I am User30"
User31,user31@example.com,"Hello, I am User31"
User32,user32@example.com,"Hello, I am User32"
User33,user33@example.com,"Hello, I am User33"
User34,user34@example.com,"Hello, I am User34"
User35,user35@example.com,"Hello, I am User35"
User36,user36@example.com,"Hello, I am User36"
User37,user37@example.com,"Hello, I am User37"
User38,user38@example.com,"Hello, I am User38"
User39,user39@example.com,"Hello, I am User39"
User40,user40@example.com,"Hello, I am User40"
User41,user41@example.com,"Hello, I am User41"
User42,user42@example.com,"Hello, I am User42"
User43,user43@example.com,"Hello, I am User43"
User44,user44@example.com,"Hello, I am User44"
User45,user45@example.com,"Hello, I am User45"
User46,user46@example.com,"Hello, I am User46"
User47,user47@example.com,"Hello, I am User47"
User48,user48@example.com,"Hello, I am User48"
User49,user49@example.com,"Hello, I am User49"
User50,user50@example.com,"Hello, I am User50"
User51,user51@example.com,"Hello, I am User51"
User52,user52@example.com,"Hello, I am User52"
User53,user53@example.com,"Hello, I am User53"
User54,user54@example.com,"Hello, I am User54"
User55,user55@example.com,"Hello, I am User55"
User56,user56@example.com,"Hello, I am User56"
User57,user57@example.com,"Hello, I am User57"
User58,user58@example.com,"Hello, I am User58"
User59,user59@example.com,"Hello, I am User59"
User60,user60@example.com,"Hello, I am User60"
User61,user61@example.com,"Hello, I am User61"
User62,user62@example.com,"Hello, I am User62"
User63,user63@example.com,"Hello, I am User63"
User64,user64@example.com,"Hello, I am User64"
User65,user65@example.com,"Hello, I am User65"
User66,user66@example.com,"Hello, I am User66"
User67,user67@example.com,"Hello, I am User67"
User68,user68@example.com,"Hello, I am User68"
User69,user69@example.com,"Hello, I am User69"
User70,user70@example.com,"Hello, I am User70"
User71,user71@example.com,"Hello, I am User71"
User72,user72@example.com,"Hello, I am User72"
User73,user73@example.com,"Hello, I am User73"
User74,user74@example.com,"Hello, I am User74"
User75,user75@example.com,"Hello, I am User75"
User76,user76@example.com,"Hello, I am User76"
User77,user77@example.com,"Hello, I am User77"
User78,user78@example.com,"Hello, I am User78"
User79,user79@example.com,"Hello, I am User79"
User80,user80@example.com,"Hello, I am User80"
User81,user81@example.com,"Hello, I am User81"
User82,user82@example.com,"Hello, I am User82"
User83,user83@example.com,"Hello, I am User83"
User84,user84@example.com,"Hello, I am User84"
User85,user85@example.com,"Hello, I am User85"
User86,user86@example.com,"Hello, I am User86"
User87,user87@example.com,"Hello, I am User87"
User88,user88@example.com,"Hello, I am User88"
User89,user89@example.com,"Hello, I am User89"
User90,user90@example.com,"Hello, I am User90"
User91,user91@example.com,"Hello, I am User91"
User92,user92@example.com,"Hello, I am User92"
User93,user93@example.com,"Hello, I am User93"
User94,user94@example.com,"Hello, I am User94"
User95,user95@example.com,"Hello, I am User95"
User96,user96@example.com,"Hello, I am User96"
User97,user97@example.com,"Hello, I am User97"
User98,user98@example.com,"Hello, I am User98"
User99,user99@example.com,"Hello, I am User99"
User100,user100@example.com,"Hello, I am User100"
